<?xml version="1.0" encoding="UTF-8"?>
<gmi:MI_Metadata xmlns:gmi="http://www.isotc211.org/2005/gmi" xmlns:gmd="http://www.isotc211.org/2005/gmd" xmlns:gco="http://www.isotc211.org/2005/gco" xmlns:xlink="http://www.w3.org/1999/xlink" xmlns:gml="http://www.opengis.net/gml/3.2" xmlns:srv="http://www.isotc211.org/2005/srv" xmlns:gmx="http://www.isotc211.org/2005/gmx" xmlns:gss="http://www.isotc211.org/2005/gss" xmlns:gsr="http://www.isotc211.org/2005/gsr" xmlns:gts="http://www.isotc211.org/2005/gts" xmlns:xsi="http://www.w3.org/2001/XMLSchema-instance" xsi:schemaLocation="http://www.isotc211.org/2005/gmi https://data.noaa.gov/resources/iso19139/schema.xsd">
 <gmd:fileIdentifier>
  <!-- AM the file Identifier for granule can be same as fileName, it should not be the URL -->
  <gco:CharacterString>dscovrFileNamePlaceholder</gco:CharacterString>
 </gmd:fileIdentifier>
 <gmd:parentIdentifier>
  <!-- AM: this is the DOI of the collection; if the collection does not have a DOI then reference the fileIdentifier of the collection record instead -->
  <!--<gmx:Anchor xlink:href="http:dx.doi.org/[DOI] [REQUIRED]" xlink:title="Parent [DOI]">doi:[DOI]</gmx:Anchor>-->
  <gco:CharacterString>gov.noaa.ncei.swx:dscovr_dscovrDataTypePlaceholder</gco:CharacterString>
 </gmd:parentIdentifier>
 <gmd:hierarchyLevelName>
  <gco:CharacterString>Granule</gco:CharacterString>
 </gmd:hierarchyLevelName>
 <gmd:contact gco:nilReason="inapplicable"/>
 <gmd:dateStamp>
  <gco:Date>todaysDatePlaceholder</gco:Date>
 </gmd:dateStamp>
 <gmd:metadataStandardName>
  <gco:CharacterString>ISO 19115-2 Geographic Information - Metadata - Part 2: Extensions for Imagery and Gridded Data</gco:CharacterString>
 </gmd:metadataStandardName>
 <gmd:metadataStandardVersion>
  <gco:CharacterString>ISO 19115-2:2009(E)</gco:CharacterString>
 </gmd:metadataStandardVersion>
 <gmd:identificationInfo>
  <gmd:MD_DataIdentification>
   <gmd:citation>
    <gmd:CI_Citation>
     <gmd:title>
      <!-- AM title can be same as fileName  -->
      <gco:CharacterString>dscovrFileNamePlaceholder.gz</gco:CharacterString>
     </gmd:title>
     <gmd:date>
      <gmd:CI_Date>
       <gmd:date>
        <gco:Date>dscovrIngestDatePlaceholder</gco:Date>
       </gmd:date>
       <gmd:dateType>
        <gmd:CI_DateTypeCode codeList="http://www.ngdc.noaa.gov/metadata/published/xsd/schema/resources/Codelist/gmxCodelists.xml#CI_DateTypeCode" codeListValue="publication">publication</gmd:CI_DateTypeCode>
       </gmd:dateType>
      </gmd:CI_Date>
     </gmd:date>
    </gmd:CI_Citation>
   </gmd:citation>
   <gmd:abstract>
    <!-- AM: create a simple one sentence abstract for granules. -->
    <gco:CharacterString>[ABSTRACT: REQUIRED] This template record contains only the fields required and recommended for OneStop granule metadata.</gco:CharacterString>
   </gmd:abstract>
   <gmd:graphicOverview>
    <gmd:MD_BrowseGraphic>
     <gmd:fileName>
      <gco:CharacterString>dscovrThumbnailURLPlaceholder</gco:CharacterString>
     </gmd:fileName>
     <gmd:fileDescription>
      <gco:CharacterString>dscovrThumbnailCaptionPlaceholder</gco:CharacterString>
     </gmd:fileDescription>
    </gmd:MD_BrowseGraphic>
   </gmd:graphicOverview>
   <gmd:descriptiveKeywords gco:nilReason="inapplicable"/>
   <gmd:language gco:nilReason="inapplicable"/>
   <gmd:extent>
    <gmd:EX_Extent>
     <gmd:temporalElement>
      <gmd:EX_TemporalExtent>
       <!--	YYYY-MM-DDT00:23:59:59Z. Would be nice if this updated the collection level record's end time for the datatype in question. 2018-02-15-->
       <!-- AM: Yes, this is one of the features under discussion for PSI-->
       <gmd:extent>
        <gml:TimePeriod gml:id="ID072">
         <gml:beginPosition>dscovrGranuleStartDateTimePlaceholder</gml:beginPosition>
         <gml:endPosition>dscovrGranuleEndDateTimePlaceholder</gml:endPosition>
        </gml:TimePeriod>
       </gmd:extent>
      </gmd:EX_TemporalExtent>
     </gmd:temporalElement>
    </gmd:EX_Extent>
   </gmd:extent>
  </gmd:MD_DataIdentification>
 </gmd:identificationInfo>
 <gmd:distributionInfo>
  <gmd:MD_Distribution>
   <!--			 repeat as needed for each format type -->
   <gmd:distributionFormat>
    <gmd:MD_Format>
     <gmd:name>
      <gco:CharacterString>NetCDF</gco:CharacterString>
     </gmd:name>
     <gmd:version>
      <gco:CharacterString>classic</gco:CharacterString>
     </gmd:version>
    </gmd:MD_Format>
   </gmd:distributionFormat>
   <!--			 repeat as needed for each download option -->
   <!-- DSCOVR Synchronous Download link -->
   <gmd:transferOptions>
    <gmd:MD_DigitalTransferOptions>
     <gmd:onLine>
      <gmd:CI_OnlineResource>

       <gmd:linkage>
        <gmd:URL>https://www.ngdc.noaa.gov/dscovr/data/syncYYYY/syncMM/dscovrFileNamePlaceholder.gz</gmd:URL>
       </gmd:linkage>
       <!--							use codelist from: https://github.com/OSGeo/Cat-Interop/blob/master/LinkPropertyLookupTable.csv -->
       <gmd:protocol>
        <gco:CharacterString>https</gco:CharacterString>
       </gmd:protocol>
       <gmd:function>
        <gmd:CI_OnLineFunctionCode codeList="https://www.ngdc.noaa.gov/metadata/published/xsd/schema/resources/Codelist/gmxCodelists.xml#CI_OnLineFunctionCode" codeListValue="fileAccess">fileAccess</gmd:CI_OnLineFunctionCode>
       </gmd:function>
      </gmd:CI_OnlineResource>
     </gmd:onLine>
    </gmd:MD_DigitalTransferOptions>
   </gmd:transferOptions>
   <!-- CA download link appears below, if available. Example of how I expect that would look is in the comment below. -->
   <!-- commonAccessPlaceholderStart
			<gmd:transferOptions>
				<gmd:MD_DigitalTransferOptions>
					<gmd:onLine>
						<gmd:CI_OnlineResource>
						  <gmd:name>
								<gco:CharacterString>dscovrEnterpriseDownloadLinkNamePlaceholder</gco:CharacterString>
						  </gmd:name>
							<gmd:linkage>
								<gmd:URL>dscovrEnterpriseDownloadLinkUrlPlaceholder</gmd:URL>
							</gmd:linkage>					
							<gmd:protocol>
								<gco:CharacterString>dscovrEnterpriseDownloadLinkProtocolPlaceholder</gco:CharacterString>
							</gmd:protocol>
							<gmd:function>
								<gmd:CI_OnLineFunctionCode codeList="https://www.ngdc.noaa.gov/metadata/published/xsd/schema/resources/Codelist/gmxCodelists.xml#CI_OnLineFunctionCode" codeListValue="download">download</gmd:CI_OnLineFunctionCode>
							</gmd:function>
						</gmd:CI_OnlineResource>
					</gmd:onLine>
				</gmd:MD_DigitalTransferOptions>
			</gmd:transferOptions>
			commonAccessPlaceholderEnd -->
  </gmd:MD_Distribution>
 </gmd:distributionInfo>
</gmi:MI_Metadata>
